{"cameraMode":{"drawMode":0,"name":"Shaded","section":"Shading Mode"},"sceneLighting":true,"audioPlay":false,"sceneViewState":{"m_AlwaysRefresh":false,"showFog":true,"showSkybox":true,"showFlares":true,"showImageEffects":true,"showParticleSystems":true,"showVisualEffectGraphs":true,"m_FxEnabled":true},"in2DMode":false,"pivot":{"x":-0.6300332546234131,"y":0.877113938331604,"z":6.101937770843506},"rotation":{"x":0.12427753955125809,"y":0.6596083641052246,"z":-0.11186873912811279,"w":0.7327752113342285},"size":1.9090518951416016,"orthographic":true}